title,object_type,maker,date,image_url,link,source,search_keyword
Design for textile,Textile design,"Grant, Duncan",c. 1933,"https://framemark.vam.ac.uk/collections/2016JG1931/full/!100,100/0/default.jpg",https://collections.vam.ac.uk/item/O552918/,V&A Textiles Collection,textile
Design for textile,Textile design,"Grant, Duncan",c. 1933,"https://framemark.vam.ac.uk/collections/2016JG1995/full/!100,100/0/default.jpg",https://collections.vam.ac.uk/item/O552915/,V&A Textiles Collection,textile
Design for textile,Textile design,"Grant, Duncan",c. 1933,"https://framemark.vam.ac.uk/collections/2016JG1898/full/!100,100/0/default.jpg",https://collections.vam.ac.uk/item/O552920/,V&A Textiles Collection,textile
Design for textile,Textile design,"Grant, Duncan",c. 1933,"https://framemark.vam.ac.uk/collections/2016JR1687/full/!100,100/0/default.jpg",https://collections.vam.ac.uk/item/O552919/,V&A Textiles Collection,textile
Design for textile,Textile design,"Grant, Duncan",c. 1933,"https://framemark.vam.ac.uk/collections/2016JG1996/full/!100,100/0/default.jpg",https://collections.vam.ac.uk/item/O552912/,V&A Textiles Collection,textile
Design for textile,Textile design,"Grant, Duncan",c. 1933,,https://collections.vam.ac.uk/item/O552914/,V&A Textiles Collection,textile
Design for textile,Textile design,Vanessa Bell,ca. 1934,"https://framemark.vam.ac.uk/collections/2016JG8692/full/!100,100/0/default.jpg",https://collections.vam.ac.uk/item/O552913/,V&A Textiles Collection,textile
Design for textile,Textile design,Vanessa Bell,c. 1934,"https://framemark.vam.ac.uk/collections/2024NT2957/full/!100,100/0/default.jpg",https://collections.vam.ac.uk/item/O552917/,V&A Textiles Collection,textile
Design for textile,Textile design,Vanessa Bell,ca. 1934,"https://framemark.vam.ac.uk/collections/2024NT2957/full/!100,100/0/default.jpg",https://collections.vam.ac.uk/item/O552916/,V&A Textiles Collection,textile
Daphne and Apollo,Textile,Duncan Grant,1932,"https://framemark.vam.ac.uk/collections/2006BF0308/full/!100,100/0/default.jpg",https://collections.vam.ac.uk/item/O199319/,V&A Textiles Collection,textile
Mao Zedong at work,Textile Picture,unknown,1960-80,"https://framemark.vam.ac.uk/collections/2021MV2833/full/!100,100/0/default.jpg",https://collections.vam.ac.uk/item/O1489811/,V&A Textiles Collection,textile
Textile,Textile,Unknown,ca. 1855-1879,"https://framemark.vam.ac.uk/collections/2014HA4145/full/!100,100/0/default.jpg",https://collections.vam.ac.uk/item/O478284/,V&A Textiles Collection,textile
Textile,Textile,Unknown,ca. 1855-1879,"https://framemark.vam.ac.uk/collections/2014HA4141/full/!100,100/0/default.jpg",https://collections.vam.ac.uk/item/O478311/,V&A Textiles Collection,textile
Machine embroidered textile ,Textile,Blanck & Co.,1923,"https://framemark.vam.ac.uk/collections/2019MB3913/full/!100,100/0/default.jpg",https://collections.vam.ac.uk/item/O367633/,V&A Textiles Collection,textile
Machine embroidered textile ,Textile,Blanck & Co.,1923,"https://framemark.vam.ac.uk/collections/2019MB3904/full/!100,100/0/default.jpg",https://collections.vam.ac.uk/item/O367632/,V&A Textiles Collection,textile
Machine embroidered textile ,Textile,Blanck & Co.,1923,"https://framemark.vam.ac.uk/collections/2019MB3911/full/!100,100/0/default.jpg",https://collections.vam.ac.uk/item/O367631/,V&A Textiles Collection,textile
Pansies,Textile design,Pat Albeck,1973,,https://collections.vam.ac.uk/item/O550518/,V&A Textiles Collection,textile
Textile,Textile,Unknown,ca. 1855-1879,"https://framemark.vam.ac.uk/collections/2013GV0572/full/!100,100/0/default.jpg",https://collections.vam.ac.uk/item/O472233/,V&A Textiles Collection,textile
Textile,Textile,Unknown,ca. 1855,"https://framemark.vam.ac.uk/collections/2014HA9556/full/!100,100/0/default.jpg",https://collections.vam.ac.uk/item/O476383/,V&A Textiles Collection,textile
Textile,Textile,Unknown,ca. 1855-1879,"https://framemark.vam.ac.uk/collections/2013GV1029/full/!100,100/0/default.jpg",https://collections.vam.ac.uk/item/O472223/,V&A Textiles Collection,textile
Textile,Textile,,ca. 1930-1940,"https://framemark.vam.ac.uk/collections/2012FN9615/full/!100,100/0/default.jpg",https://collections.vam.ac.uk/item/O1247464/,V&A Textiles Collection,textile
Textile,Textile,,ca. 1930-1940,"https://framemark.vam.ac.uk/collections/2012FN9612/full/!100,100/0/default.jpg",https://collections.vam.ac.uk/item/O1247216/,V&A Textiles Collection,textile
The Stein Collection,Textile,Unknown,360 BC - 50 BC,"https://framemark.vam.ac.uk/collections/2006AF1483/full/!100,100/0/default.jpg",https://collections.vam.ac.uk/item/O92700/,V&A Textiles Collection,textile
Sparkling Jewels,Sample book,"Donghia, Sherri",1993,"https://framemark.vam.ac.uk/collections/2018LE5997/full/!100,100/0/default.jpg",https://collections.vam.ac.uk/item/O81604/,V&A Textiles Collection,textile
Textile,Textile,,ca. 1930-1940,"https://framemark.vam.ac.uk/collections/2012FN9611/full/!100,100/0/default.jpg",https://collections.vam.ac.uk/item/O1247462/,V&A Textiles Collection,textile
The Stein Collection,Textile,Unknown,7th century to 10th century,"https://framemark.vam.ac.uk/collections/2006AG0440/full/!100,100/0/default.jpg",https://collections.vam.ac.uk/item/O85191/,V&A Textiles Collection,textile
Textile,Textile,,ca. 1930-1940,"https://framemark.vam.ac.uk/collections/2012FN9614/full/!100,100/0/default.jpg",https://collections.vam.ac.uk/item/O1247463/,V&A Textiles Collection,textile
Textile,Textile,Unknown,ca. 1855,"https://framemark.vam.ac.uk/collections/2014HA4688/full/!100,100/0/default.jpg",https://collections.vam.ac.uk/item/O478139/,V&A Textiles Collection,textile
The Stein Collection,Textile,Unknown,7th century to 10th century,"https://framemark.vam.ac.uk/collections/2006BB3241/full/!100,100/0/default.jpg",https://collections.vam.ac.uk/item/O87633/,V&A Textiles Collection,textile
Textile,Textile,,ca. 1930-1940,"https://framemark.vam.ac.uk/collections/2012FN9610/full/!100,100/0/default.jpg",https://collections.vam.ac.uk/item/O1247461/,V&A Textiles Collection,textile
The Stein Collection,Textile,Unknown,100-300,"https://framemark.vam.ac.uk/collections/2006AE7764/full/!100,100/0/default.jpg",https://collections.vam.ac.uk/item/O97699/,V&A Textiles Collection,textile
The Stein Collection,Textile,Unknown,7th century to 10th century,"https://framemark.vam.ac.uk/collections/2006AG0448/full/!100,100/0/default.jpg",https://collections.vam.ac.uk/item/O85207/,V&A Textiles Collection,textile
Textile,Textile,Unknown,ca. 1881-1882,"https://framemark.vam.ac.uk/collections/2014HA0275/full/!100,100/0/default.jpg",https://collections.vam.ac.uk/item/O477418/,V&A Textiles Collection,textile
Poppies,Textile design,Alister Maynard,c.1965,"https://framemark.vam.ac.uk/collections/2016JG2251/full/!100,100/0/default.jpg",https://collections.vam.ac.uk/item/O554101/,V&A Textiles Collection,textile
The Stein Collection,Textile,Unknown,7th century to 10th century,"https://framemark.vam.ac.uk/collections/2006AF9266/full/!100,100/0/default.jpg",https://collections.vam.ac.uk/item/O87465/,V&A Textiles Collection,textile
Textile,Textile,Unknown,ca. 1867,"https://framemark.vam.ac.uk/collections/2014HA0064/full/!100,100/0/default.jpg",https://collections.vam.ac.uk/item/O453947/,V&A Textiles Collection,textile
Textile,Textile,Unknown,19th century,"https://framemark.vam.ac.uk/collections/2013GU1147/full/!100,100/0/default.jpg",https://collections.vam.ac.uk/item/O455510/,V&A Textiles Collection,textile
Arabesque,Textile design,Alister Maynard,c.1965,"https://framemark.vam.ac.uk/collections/2017JR5357/full/!100,100/0/default.jpg",https://collections.vam.ac.uk/item/O554119/,V&A Textiles Collection,textile
Textile,Textile,Unknown,1963-1970,"https://framemark.vam.ac.uk/collections/2016JE2900/full/!100,100/0/default.jpg",https://collections.vam.ac.uk/item/O478402/,V&A Textiles Collection,textile
Textile,Textile,Unknown,ca. 1855-1879,"https://framemark.vam.ac.uk/collections/2014HB0492/full/!100,100/0/default.jpg",https://collections.vam.ac.uk/item/O478067/,V&A Textiles Collection,textile
Textile,Textile,Unknown,19th century,"https://framemark.vam.ac.uk/collections/2013GU1073/full/!100,100/0/default.jpg",https://collections.vam.ac.uk/item/O455509/,V&A Textiles Collection,textile
The Stein Collection,Textile,Unknown,7th century to 10th century,"https://framemark.vam.ac.uk/collections/2006AF9263/full/!100,100/0/default.jpg",https://collections.vam.ac.uk/item/O85583/,V&A Textiles Collection,textile
Textile,Textile,Unknown,ca. 1855,"https://framemark.vam.ac.uk/collections/2013GV6097/full/!100,100/0/default.jpg",https://collections.vam.ac.uk/item/O476436/,V&A Textiles Collection,textile
Textile,Textile,Unknown,ca. 1855-1879,"https://framemark.vam.ac.uk/collections/2014HA4702/full/!100,100/0/default.jpg",https://collections.vam.ac.uk/item/O440651/,V&A Textiles Collection,textile
Mountains,Textile,"Khatri , Khalid Amin",2014,"https://framemark.vam.ac.uk/collections/2016HY8983/full/!100,100/0/default.jpg",https://collections.vam.ac.uk/item/O1307268/,V&A Textiles Collection,textile
The Stein Collection,Textile,Unknown,7th century to 10th century,"https://framemark.vam.ac.uk/collections/2006AF8083/full/!100,100/0/default.jpg",https://collections.vam.ac.uk/item/O87463/,V&A Textiles Collection,textile
Textile,Textile,Unknown,ca. 1855-1879,"https://framemark.vam.ac.uk/collections/2014GY1748/full/!100,100/0/default.jpg",https://collections.vam.ac.uk/item/O476351/,V&A Textiles Collection,textile
Textile,Textile,Unknown,1879,"https://framemark.vam.ac.uk/collections/2018LE2822/full/!100,100/0/default.jpg",https://collections.vam.ac.uk/item/O164855/,V&A Textiles Collection,textile
Textile,Textile,Unknown,ca. 1855-1879,"https://framemark.vam.ac.uk/collections/2014GX5786/full/!100,100/0/default.jpg",https://collections.vam.ac.uk/item/O476323/,V&A Textiles Collection,textile
The Stein Collection,Textile,Unknown,7th century to 10th century,"https://framemark.vam.ac.uk/collections/2006AF9193/full/!100,100/0/default.jpg",https://collections.vam.ac.uk/item/O87495/,V&A Textiles Collection,textile
Textile,Textile,Unknown,ca. 1881-1882,"https://framemark.vam.ac.uk/collections/2014GX5782/full/!100,100/0/default.jpg",https://collections.vam.ac.uk/item/O481218/,V&A Textiles Collection,textile
Textile,Textile,Unknown,ca. 1881-1882,"https://framemark.vam.ac.uk/collections/2013GV1480/full/!100,100/0/default.jpg",https://collections.vam.ac.uk/item/O481222/,V&A Textiles Collection,textile
The Stein Collection,Textile,Unknown,9th century to 10th century,"https://framemark.vam.ac.uk/collections/2006AF1384/full/!100,100/0/default.jpg",https://collections.vam.ac.uk/item/O85471/,V&A Textiles Collection,textile
Textile,Textile,Unknown,1919,"https://framemark.vam.ac.uk/collections/2021NA3668/full/!100,100/0/default.jpg",https://collections.vam.ac.uk/item/O478564/,V&A Textiles Collection,textile
Textile,Textile,Unknown,ca. 1855,"https://framemark.vam.ac.uk/collections/2013GV6087/full/!100,100/0/default.jpg",https://collections.vam.ac.uk/item/O476480/,V&A Textiles Collection,textile
The Stein Collection,Textile,Unknown,200-400,"https://framemark.vam.ac.uk/collections/2006AF3228/full/!100,100/0/default.jpg",https://collections.vam.ac.uk/item/O94207/,V&A Textiles Collection,textile
Textile,Textile,Unknown,1919,"https://framemark.vam.ac.uk/collections/2021NA3629/full/!100,100/0/default.jpg",https://collections.vam.ac.uk/item/O478565/,V&A Textiles Collection,textile
Textile,Textile,Unknown,ca. 1855-1879,"https://framemark.vam.ac.uk/collections/2014HA4276/full/!100,100/0/default.jpg",https://collections.vam.ac.uk/item/O478161/,V&A Textiles Collection,textile
Textile,Textile,Unknown,ca. 1881-1882,"https://framemark.vam.ac.uk/collections/2013GV1361/full/!100,100/0/default.jpg",https://collections.vam.ac.uk/item/O481170/,V&A Textiles Collection,textile
The Stein Collection,Textile,Unknown,late 8th century to 10th century,"https://framemark.vam.ac.uk/collections/2006AF9173/full/!100,100/0/default.jpg",https://collections.vam.ac.uk/item/O86427/,V&A Textiles Collection,textile
Textile design,Textile design,Allan Walton,c.1936,"https://framemark.vam.ac.uk/collections/2016JG2277/full/!100,100/0/default.jpg",https://collections.vam.ac.uk/item/O552922/,V&A Textiles Collection,textile
Textile,Textile,Unknown,ca. 1867,"https://framemark.vam.ac.uk/collections/2014HA4678/full/!100,100/0/default.jpg",https://collections.vam.ac.uk/item/O480898/,V&A Textiles Collection,textile
Textile,Textile,unknown,20th Century,"https://framemark.vam.ac.uk/collections/2019ME4292/full/!100,100/0/default.jpg",https://collections.vam.ac.uk/item/O1508002/,V&A Textiles Collection,textile
Textile,Textile,,ca. 1855-1879,"https://framemark.vam.ac.uk/collections/2013GV6754/full/!100,100/0/default.jpg",https://collections.vam.ac.uk/item/O476542/,V&A Textiles Collection,textile
Textile,Textile,Unknown,ca. 1872,"https://framemark.vam.ac.uk/collections/2006AU2969/full/!100,100/0/default.jpg",https://collections.vam.ac.uk/item/O477940/,V&A Textiles Collection,textile
Textile,Textile,Unknown,19th century-20th century,"https://framemark.vam.ac.uk/collections/2021NA3669/full/!100,100/0/default.jpg",https://collections.vam.ac.uk/item/O478563/,V&A Textiles Collection,textile
Textile,Textile,Unknown,1919,"https://framemark.vam.ac.uk/collections/2021NA3559/full/!100,100/0/default.jpg",https://collections.vam.ac.uk/item/O472121/,V&A Textiles Collection,textile
Textile,Textile,Unknown,ca. 1855-1879,"https://framemark.vam.ac.uk/collections/2014HA4151/full/!100,100/0/default.jpg",https://collections.vam.ac.uk/item/O478266/,V&A Textiles Collection,textile
Textile,Textile,Unknown,ca. 1855-1879,"https://framemark.vam.ac.uk/collections/2014HA4139/full/!100,100/0/default.jpg",https://collections.vam.ac.uk/item/O478203/,V&A Textiles Collection,textile
Textile,Textile,Unknown,ca. 1855-1879,"https://framemark.vam.ac.uk/collections/2014HA4194/full/!100,100/0/default.jpg",https://collections.vam.ac.uk/item/O478310/,V&A Textiles Collection,textile
Textile,Textile,Unknown,ca. 1855-1879,"https://framemark.vam.ac.uk/collections/2014HA4259/full/!100,100/0/default.jpg",https://collections.vam.ac.uk/item/O478160/,V&A Textiles Collection,textile
Textile,Textile,Unknown,ca. 1855,"https://framemark.vam.ac.uk/collections/2014GY7128/full/!100,100/0/default.jpg",https://collections.vam.ac.uk/item/O477567/,V&A Textiles Collection,textile
Textile,Textile,Unknown,ca. 1872,"https://framemark.vam.ac.uk/collections/2013GU4946/full/!100,100/0/default.jpg",https://collections.vam.ac.uk/item/O1274650/,V&A Textiles Collection,textile
Textile,Textile,Unknown,ca. 1872,"https://framemark.vam.ac.uk/collections/2013GU4948/full/!100,100/0/default.jpg",https://collections.vam.ac.uk/item/O1274649/,V&A Textiles Collection,textile
Textile,Textile,Unknown,ca. 1856,"https://framemark.vam.ac.uk/collections/2014GY4176/full/!100,100/0/default.jpg",https://collections.vam.ac.uk/item/O475751/,V&A Textiles Collection,textile
Textile,Textile,Unknown,ca. 1855-1879,"https://framemark.vam.ac.uk/collections/2013GV6883/full/!100,100/0/default.jpg",https://collections.vam.ac.uk/item/O476610/,V&A Textiles Collection,textile
Textile,Textile,Unknown,19th century-20th century,"https://framemark.vam.ac.uk/collections/2021NA3630/full/!100,100/0/default.jpg",https://collections.vam.ac.uk/item/O478562/,V&A Textiles Collection,textile
Textile,Textile,Unknown,ca. 1855-1879,"https://framemark.vam.ac.uk/collections/2014HA4137/full/!100,100/0/default.jpg",https://collections.vam.ac.uk/item/O478279/,V&A Textiles Collection,textile
Textile,Textile,Unknown,ca. 1881-1882,"https://framemark.vam.ac.uk/collections/2013GV0569/full/!100,100/0/default.jpg",https://collections.vam.ac.uk/item/O475611/,V&A Textiles Collection,textile
Textile,Textile,Unknown,ca. 1867,"https://framemark.vam.ac.uk/collections/2014GW8446/full/!100,100/0/default.jpg",https://collections.vam.ac.uk/item/O476141/,V&A Textiles Collection,textile
Textile,Textile,Unknown,ca. 1855-1879,"https://framemark.vam.ac.uk/collections/2014HA4224/full/!100,100/0/default.jpg",https://collections.vam.ac.uk/item/O478155/,V&A Textiles Collection,textile
Textile design,Textile design,Allan Walton,1930s,"https://framemark.vam.ac.uk/collections/2017JR5613/full/!100,100/0/default.jpg",https://collections.vam.ac.uk/item/O552923/,V&A Textiles Collection,textile
Textile,Textile,Unknown,ca. 1855,"https://framemark.vam.ac.uk/collections/2019MG6108/full/!100,100/0/default.jpg",https://collections.vam.ac.uk/item/O476449/,V&A Textiles Collection,textile
Textile,Textile,Unknown,ca. 1881-1882,"https://framemark.vam.ac.uk/collections/2013GV0558/full/!100,100/0/default.jpg",https://collections.vam.ac.uk/item/O475323/,V&A Textiles Collection,textile
Textile,Textile,Unknown,ca. 1872,"https://framemark.vam.ac.uk/collections/2013GU4943/full/!100,100/0/default.jpg",https://collections.vam.ac.uk/item/O1274648/,V&A Textiles Collection,textile
Textile,Textile,Unknown,ca. 1876,"https://framemark.vam.ac.uk/collections/2014HA4195/full/!100,100/0/default.jpg",https://collections.vam.ac.uk/item/O478220/,V&A Textiles Collection,textile
Textile,Textile,Unknown,ca. 1855-1879,"https://framemark.vam.ac.uk/collections/2013GV4967/full/!100,100/0/default.jpg",https://collections.vam.ac.uk/item/O455455/,V&A Textiles Collection,textile
Textile,Textile,Unknown,17th Century,"https://framemark.vam.ac.uk/collections/2019MA9464/full/!100,100/0/default.jpg",https://collections.vam.ac.uk/item/O68402/,V&A Textiles Collection,textile
Textile,Textile,Unknown,ca. 1881-1882,"https://framemark.vam.ac.uk/collections/2013GV0568/full/!100,100/0/default.jpg",https://collections.vam.ac.uk/item/O475612/,V&A Textiles Collection,textile
Textile design,Textile design,Allan Walton,1930s,,https://collections.vam.ac.uk/item/O552924/,V&A Textiles Collection,textile
Textile,Textile,Unknown,ca. 1882 - ca. 1883,"https://framemark.vam.ac.uk/collections/2013GT3114/full/!100,100/0/default.jpg",https://collections.vam.ac.uk/item/O455479/,V&A Textiles Collection,textile
Textile,Textile,Unknown,ca. 1855-1879,"https://framemark.vam.ac.uk/collections/2014GX7217/full/!100,100/0/default.jpg",https://collections.vam.ac.uk/item/O476903/,V&A Textiles Collection,textile
Textile,Textile,Unknown,ca. 1855-1879,"https://framemark.vam.ac.uk/collections/2014GX7722/full/!100,100/0/default.jpg",https://collections.vam.ac.uk/item/O476904/,V&A Textiles Collection,textile
Textile,Textile,Unknown,ca. 1855-1879,"https://framemark.vam.ac.uk/collections/2014HA4158/full/!100,100/0/default.jpg",https://collections.vam.ac.uk/item/O478292/,V&A Textiles Collection,textile
The Stein Collection,Textile,Unknown,8th century,"https://framemark.vam.ac.uk/collections/2006AF7356/full/!100,100/0/default.jpg",https://collections.vam.ac.uk/item/O87672/,V&A Textiles Collection,textile
Textile,Textile,Unknown,ca. 1872,"https://framemark.vam.ac.uk/collections/2014HA4198/full/!100,100/0/default.jpg",https://collections.vam.ac.uk/item/O478253/,V&A Textiles Collection,textile
The Stein Collection,Textile,Unknown,7th century to 10th century,"https://framemark.vam.ac.uk/collections/2006AF7090/full/!100,100/0/default.jpg",https://collections.vam.ac.uk/item/O85329/,V&A Textiles Collection,textile
Textile,Textile,Unknown,ca. 1855-1879,"https://framemark.vam.ac.uk/collections/2014GY5200/full/!100,100/0/default.jpg",https://collections.vam.ac.uk/item/O477391/,V&A Textiles Collection,textile
The Stein Collection,Textile,Unknown,7th century - 10th century,"https://framemark.vam.ac.uk/collections/2006AE9780/full/!100,100/0/default.jpg",https://collections.vam.ac.uk/item/O85321/,V&A Textiles Collection,textile
The Stein Collection,Textile,Unknown,200-800,"https://framemark.vam.ac.uk/collections/2006AF8070/full/!100,100/0/default.jpg",https://collections.vam.ac.uk/item/O87222/,V&A Textiles Collection,textile
Textile,Textile,Unknown,ca. 1850,"https://framemark.vam.ac.uk/collections/2014GY8660/full/!100,100/0/default.jpg",https://collections.vam.ac.uk/item/O478424/,V&A Textiles Collection,textile
Textile,Textile,Unknown,ca. 1881-1882,"https://framemark.vam.ac.uk/collections/2013GV0526/full/!100,100/0/default.jpg",https://collections.vam.ac.uk/item/O479031/,V&A Textiles Collection,textile
Textile,Textile,Unknown,15th century,"https://framemark.vam.ac.uk/collections/2006AH0850/full/!100,100/0/default.jpg",https://collections.vam.ac.uk/item/O68401/,V&A Textiles Collection,textile
Textile,Textile,Unknown,ca. 1872,"https://framemark.vam.ac.uk/collections/2013GU4950/full/!100,100/0/default.jpg",https://collections.vam.ac.uk/item/O1274651/,V&A Textiles Collection,textile
Textile,Textile,Unknown,ca. 1872,"https://framemark.vam.ac.uk/collections/2013GU4939/full/!100,100/0/default.jpg",https://collections.vam.ac.uk/item/O1274646/,V&A Textiles Collection,textile
Textile,Textile,Unknown,ca. 1855-1879,"https://framemark.vam.ac.uk/collections/2012FM2528/full/!100,100/0/default.jpg",https://collections.vam.ac.uk/item/O471572/,V&A Textiles Collection,textile
Textile,Textile,Unknown,ca. 1872,"https://framemark.vam.ac.uk/collections/2013GU4984/full/!100,100/0/default.jpg",https://collections.vam.ac.uk/item/O1274647/,V&A Textiles Collection,textile
Textile,Textile,Unknown,ca. 1881-1882,"https://framemark.vam.ac.uk/collections/2017JX0101/full/!100,100/0/default.jpg",https://collections.vam.ac.uk/item/O479009/,V&A Textiles Collection,textile
Textile,Textile,Unknown,ca. 1881-1882,"https://framemark.vam.ac.uk/collections/2013GV0525/full/!100,100/0/default.jpg",https://collections.vam.ac.uk/item/O479026/,V&A Textiles Collection,textile
The Stein Collection,Textile,Unknown,100-300,"https://framemark.vam.ac.uk/collections/2006AF6781/full/!100,100/0/default.jpg",https://collections.vam.ac.uk/item/O89984/,V&A Textiles Collection,textile
Textile,Textile,Unknown,ca. 1881-1882,"https://framemark.vam.ac.uk/collections/2014GY9139/full/!100,100/0/default.jpg",https://collections.vam.ac.uk/item/O478452/,V&A Textiles Collection,textile
Textile,Textile,Unknown,ca. 1855 - ca. 1879,"https://framemark.vam.ac.uk/collections/2013GU0778/full/!100,100/0/default.jpg",https://collections.vam.ac.uk/item/O477276/,V&A Textiles Collection,textile
Textile,Textile,Unknown,ca. 1881-1882,"https://framemark.vam.ac.uk/collections/2013GV0559/full/!100,100/0/default.jpg",https://collections.vam.ac.uk/item/O479049/,V&A Textiles Collection,textile
Sample,Sample,Bentley & Spens,2002,"https://framemark.vam.ac.uk/collections/2006AC4617/full/!100,100/0/default.jpg",https://collections.vam.ac.uk/item/O101366/,V&A Textiles Collection,textile
Textile,Textile,Unknown,ca. 1881-1882,"https://framemark.vam.ac.uk/collections/2013GV0527/full/!100,100/0/default.jpg",https://collections.vam.ac.uk/item/O479034/,V&A Textiles Collection,textile
The Stein Collection,Textile,Unknown,7th century to 10th century,"https://framemark.vam.ac.uk/collections/2006AF9187/full/!100,100/0/default.jpg",https://collections.vam.ac.uk/item/O85763/,V&A Textiles Collection,textile
Daphne and Apollo,Textile design,"Grant, Duncan",1932,"https://framemark.vam.ac.uk/collections/2013GK5901/full/!100,100/0/default.jpg",https://collections.vam.ac.uk/item/O25221/,V&A Textiles Collection,textile
The Stein Collection,Textile,Unknown,200 BC-400 AD,"https://framemark.vam.ac.uk/collections/2006AF6552/full/!100,100/0/default.jpg",https://collections.vam.ac.uk/item/O93747/,V&A Textiles Collection,textile
Textile,Textile,Unknown,ca. 1881-1882,"https://framemark.vam.ac.uk/collections/2014GY2286/full/!100,100/0/default.jpg",https://collections.vam.ac.uk/item/O477109/,V&A Textiles Collection,textile
The Stein Collection,Textile,Unknown,8th century,"https://framemark.vam.ac.uk/collections/2006AF9267/full/!100,100/0/default.jpg",https://collections.vam.ac.uk/item/O87851/,V&A Textiles Collection,textile
Textile,Textile,Unknown,ca. 1872,"https://framemark.vam.ac.uk/collections/2013GU4983/full/!100,100/0/default.jpg",https://collections.vam.ac.uk/item/O1274645/,V&A Textiles Collection,textile
Textile,Textile,Unknown,ca. 1867,"https://framemark.vam.ac.uk/collections/2014HB0780/full/!100,100/0/default.jpg",https://collections.vam.ac.uk/item/O476633/,V&A Textiles Collection,textile
Textile,Textile,Unknown,ca. 1850-1900,"https://framemark.vam.ac.uk/collections/2021MX3225/full/!100,100/0/default.jpg",https://collections.vam.ac.uk/item/O317528/,V&A Textiles Collection,textile
The Stein Collection,Textile,Unknown,200 BC-400 AD,"https://framemark.vam.ac.uk/collections/2006AF2164/full/!100,100/0/default.jpg",https://collections.vam.ac.uk/item/O97635/,V&A Textiles Collection,textile
The Stein Collection,Textile,Unknown,200 BC-400 AD,"https://framemark.vam.ac.uk/collections/2006AF1490/full/!100,100/0/default.jpg",https://collections.vam.ac.uk/item/O97535/,V&A Textiles Collection,textile
Textile,Textile,Unknown,ca. 1855 - ca. 1879,"https://framemark.vam.ac.uk/collections/2021MY3896/full/!100,100/0/default.jpg",https://collections.vam.ac.uk/item/O481740/,V&A Textiles Collection,textile
Textile,Textile,Unknown,ca. 1855-1879,"https://framemark.vam.ac.uk/collections/2014GY4615/full/!100,100/0/default.jpg",https://collections.vam.ac.uk/item/O476259/,V&A Textiles Collection,textile
Printed flannel,Printed flannel,Varvara Stepanova,1924,"https://framemark.vam.ac.uk/collections/2021MW5308/full/!100,100/0/default.jpg",https://collections.vam.ac.uk/item/O1371413/,V&A Textiles Collection,textile
The Stein Collection,Textile,Unknown,200 BC-400 AD,"https://framemark.vam.ac.uk/collections/2006AF2162/full/!100,100/0/default.jpg",https://collections.vam.ac.uk/item/O97638/,V&A Textiles Collection,textile
Textile,Textile,Unknown,ca. 1850,"https://framemark.vam.ac.uk/collections/2015HK1767/full/!100,100/0/default.jpg",https://collections.vam.ac.uk/item/O164420/,V&A Textiles Collection,textile
Textile,Textile,,ca. 1872,"https://framemark.vam.ac.uk/collections/2013GU2112/full/!100,100/0/default.jpg",https://collections.vam.ac.uk/item/O440731/,V&A Textiles Collection,textile
Textile,Textile,Unknown,ca. 1881-1882,"https://framemark.vam.ac.uk/collections/2014GY7334/full/!100,100/0/default.jpg",https://collections.vam.ac.uk/item/O478494/,V&A Textiles Collection,textile
The Stein Collection,Textile,Unknown,4th century to 7th century,"https://framemark.vam.ac.uk/collections/2006AG0445/full/!100,100/0/default.jpg",https://collections.vam.ac.uk/item/O85635/,V&A Textiles Collection,textile
The Stein Collection,Textile,Unknown,200BC-400AD,"https://framemark.vam.ac.uk/collections/2006AF2179/full/!100,100/0/default.jpg",https://collections.vam.ac.uk/item/O94170/,V&A Textiles Collection,textile
The Stein Collection,Textile,Unknown,7th century to 10th century,"https://framemark.vam.ac.uk/collections/2006AF9206/full/!100,100/0/default.jpg",https://collections.vam.ac.uk/item/O85699/,V&A Textiles Collection,textile
Textile,Textile,Unknown,ca. 1881-1882,"https://framemark.vam.ac.uk/collections/2013GV0563/full/!100,100/0/default.jpg",https://collections.vam.ac.uk/item/O479004/,V&A Textiles Collection,textile
Textile,Textile,Unknown,ca. 1881-1882,"https://framemark.vam.ac.uk/collections/2014HB0506/full/!100,100/0/default.jpg",https://collections.vam.ac.uk/item/O455423/,V&A Textiles Collection,textile
Textile,Textile,Unknown,ca. 1850,"https://framemark.vam.ac.uk/collections/2015HK1765/full/!100,100/0/default.jpg",https://collections.vam.ac.uk/item/O478502/,V&A Textiles Collection,textile
The Stein Collection,Textile,Unknown,700-900,"https://framemark.vam.ac.uk/collections/2006AF9240/full/!100,100/0/default.jpg",https://collections.vam.ac.uk/item/O85775/,V&A Textiles Collection,textile
Commemorative textile,Commemorative textile,Unknown,1969,"https://framemark.vam.ac.uk/collections/2021MY3873/full/!100,100/0/default.jpg",https://collections.vam.ac.uk/item/O142119/,V&A Textiles Collection,textile
The Stein Collection,Textile,Unknown,7th century to 10th century,"https://framemark.vam.ac.uk/collections/2006AF9185/full/!100,100/0/default.jpg",https://collections.vam.ac.uk/item/O85463/,V&A Textiles Collection,textile
Textile,Textile,Unknown,ca. 1881-1882,"https://framemark.vam.ac.uk/collections/2014HB0496/full/!100,100/0/default.jpg",https://collections.vam.ac.uk/item/O455422/,V&A Textiles Collection,textile
The Stein Collection,Textile,Unknown,200-400,"https://framemark.vam.ac.uk/collections/2006AF3231/full/!100,100/0/default.jpg",https://collections.vam.ac.uk/item/O93943/,V&A Textiles Collection,textile
The Stein Collection,Textile,Unknown,7th century to 9th century,"https://framemark.vam.ac.uk/collections/2006AF9190/full/!100,100/0/default.jpg",https://collections.vam.ac.uk/item/O85694/,V&A Textiles Collection,textile
The Stein Collection,Textile,Unknown,7th century to 10th century,"https://framemark.vam.ac.uk/collections/2006AF9239/full/!100,100/0/default.jpg",https://collections.vam.ac.uk/item/O85458/,V&A Textiles Collection,textile
The Stein Collection,Textile,Unknown,7th century to 10th century,"https://framemark.vam.ac.uk/collections/2006AG0425/full/!100,100/0/default.jpg",https://collections.vam.ac.uk/item/O85324/,V&A Textiles Collection,textile
Textile,Textile,Unknown,ca. 1855 - ca. 1879,"https://framemark.vam.ac.uk/collections/2013GT5065/full/!100,100/0/default.jpg",https://collections.vam.ac.uk/item/O472136/,V&A Textiles Collection,textile
The Stein Collection,Textile,Unknown,7th century to 10th century,"https://framemark.vam.ac.uk/collections/2006AF9132/full/!100,100/0/default.jpg",https://collections.vam.ac.uk/item/O85805/,V&A Textiles Collection,textile
Textile,Textile,Unknown,19th century,,https://collections.vam.ac.uk/item/O438551/,V&A Textiles Collection,textile
Textile,Textile,Unknown,ca. 1881-1882,"https://framemark.vam.ac.uk/collections/2014GY9143/full/!100,100/0/default.jpg",https://collections.vam.ac.uk/item/O478455/,V&A Textiles Collection,textile
Textile Picture,Textile Picture,unknown,1960-70,"https://framemark.vam.ac.uk/collections/2021MV2837/full/!100,100/0/default.jpg",https://collections.vam.ac.uk/item/O1489814/,V&A Textiles Collection,textile
The Stein Collection,Textile,Unknown,700-900,"https://framemark.vam.ac.uk/collections/2006AF9139/full/!100,100/0/default.jpg",https://collections.vam.ac.uk/item/O85724/,V&A Textiles Collection,textile
The Stein Collection,Textile,Unknown,7th century to 10th century,"https://framemark.vam.ac.uk/collections/2006AF9166/full/!100,100/0/default.jpg",https://collections.vam.ac.uk/item/O85687/,V&A Textiles Collection,textile
Textile,Textile,Unknown,ca. 1881-1882,"https://framemark.vam.ac.uk/collections/2014GY7333/full/!100,100/0/default.jpg",https://collections.vam.ac.uk/item/O478489/,V&A Textiles Collection,textile
The Stein Collection,Textile,Unknown,9th century to 10th century,"https://framemark.vam.ac.uk/collections/2006AF9204/full/!100,100/0/default.jpg",https://collections.vam.ac.uk/item/O85479/,V&A Textiles Collection,textile
The Stein Collection,Textile,Unknown,9th century to 10th century,"https://framemark.vam.ac.uk/collections/2006AG0420/full/!100,100/0/default.jpg",https://collections.vam.ac.uk/item/O85246/,V&A Textiles Collection,textile
The Stein Collection,Textile,Unknown,7th century to 10th century,"https://framemark.vam.ac.uk/collections/2006AF1372/full/!100,100/0/default.jpg",https://collections.vam.ac.uk/item/O85585/,V&A Textiles Collection,textile
Textile,Textile,Unknown,ca. 1855-1879,"https://framemark.vam.ac.uk/collections/2014HB0523/full/!100,100/0/default.jpg",https://collections.vam.ac.uk/item/O480913/,V&A Textiles Collection,textile
Design for textile,Textile design,C. F. A. Voysey,July 1918,"https://framemark.vam.ac.uk/collections/2006AN5527/full/!100,100/0/default.jpg",https://collections.vam.ac.uk/item/O1110151/,V&A Textiles Collection,textile
The Stein Collection,Textile,Unknown,7th century to 10th century,"https://framemark.vam.ac.uk/collections/2006AF9242/full/!100,100/0/default.jpg",https://collections.vam.ac.uk/item/O85512/,V&A Textiles Collection,textile
The Stein Collection,Textile,unknown,7th century to 10th century,"https://framemark.vam.ac.uk/collections/2006AF7056/full/!100,100/0/default.jpg",https://collections.vam.ac.uk/item/O87637/,V&A Textiles Collection,textile
The Stein Collection,Textile,Unknown,7th century to 10th century,"https://framemark.vam.ac.uk/collections/2006AF9160/full/!100,100/0/default.jpg",https://collections.vam.ac.uk/item/O85588/,V&A Textiles Collection,textile
The Stein Collection,Textile,Unknown,7th century to 10th century,"https://framemark.vam.ac.uk/collections/2006AF9184/full/!100,100/0/default.jpg",https://collections.vam.ac.uk/item/O85549/,V&A Textiles Collection,textile
The Stein Collection,Textile,Unknown,9th century to 10th century,"https://framemark.vam.ac.uk/collections/2006AF7111/full/!100,100/0/default.jpg",https://collections.vam.ac.uk/item/O85725/,V&A Textiles Collection,textile
The Stein Collection,Textile,Unknown,200 BC-400 AD,"https://framemark.vam.ac.uk/collections/2006AF2092/full/!100,100/0/default.jpg",https://collections.vam.ac.uk/item/O97524/,V&A Textiles Collection,textile
Textile,Textile,Unknown,19th century,"https://framemark.vam.ac.uk/collections/2012FR2505/full/!100,100/0/default.jpg",https://collections.vam.ac.uk/item/O476731/,V&A Textiles Collection,textile
The Stein Collection,Textile,Unknown,7th century to 10th century,"https://framemark.vam.ac.uk/collections/2006AF9252/full/!100,100/0/default.jpg",https://collections.vam.ac.uk/item/O85587/,V&A Textiles Collection,textile
The Stein Collection,Textile,Unknown,7th century to 10th century,"https://framemark.vam.ac.uk/collections/2006AG0441/full/!100,100/0/default.jpg",https://collections.vam.ac.uk/item/O85268/,V&A Textiles Collection,textile
The Stein Collection,Textile,Unknown,7th century to 10th century,"https://framemark.vam.ac.uk/collections/2006AG0430/full/!100,100/0/default.jpg",https://collections.vam.ac.uk/item/O85200/,V&A Textiles Collection,textile
The Stein Collection,Textile,Unknown,7th century to 10th century,"https://framemark.vam.ac.uk/collections/2006AF1161/full/!100,100/0/default.jpg",https://collections.vam.ac.uk/item/O85217/,V&A Textiles Collection,textile
The Stein Collection,Textile,Unknown,9th century to 10th century,"https://framemark.vam.ac.uk/collections/2006AF9192/full/!100,100/0/default.jpg",https://collections.vam.ac.uk/item/O86091/,V&A Textiles Collection,textile
The Stein Collection,Textile,Unknown,200-800,"https://framemark.vam.ac.uk/collections/2006AF6134/full/!100,100/0/default.jpg",https://collections.vam.ac.uk/item/O93565/,V&A Textiles Collection,textile
The Stein Collection,Textile,Unknown,400-1000,"https://framemark.vam.ac.uk/collections/2006AF2154/full/!100,100/0/default.jpg",https://collections.vam.ac.uk/item/O97682/,V&A Textiles Collection,textile
The Stein Collection,Textile,Unknown,7th century to 10th century,"https://framemark.vam.ac.uk/collections/2006AF9217/full/!100,100/0/default.jpg",https://collections.vam.ac.uk/item/O85574/,V&A Textiles Collection,textile
The Stein Collection,Textile,Unknown,200 BC-400 AD,"https://framemark.vam.ac.uk/collections/2006AF2123/full/!100,100/0/default.jpg",https://collections.vam.ac.uk/item/O93866/,V&A Textiles Collection,textile
The Stein Collection,Textile,Unknown,7th century to 10th century,"https://framemark.vam.ac.uk/collections/2006AG0444/full/!100,100/0/default.jpg",https://collections.vam.ac.uk/item/O85251/,V&A Textiles Collection,textile
The Stein Collection,Textile,Unknown,9th century to 10th century,"https://framemark.vam.ac.uk/collections/2006AF7042/full/!100,100/0/default.jpg",https://collections.vam.ac.uk/item/O89565/,V&A Textiles Collection,textile
The Stein Collection,Textile,Unknown,200 BC-400 AD,"https://framemark.vam.ac.uk/collections/2006AF1488/full/!100,100/0/default.jpg",https://collections.vam.ac.uk/item/O97698/,V&A Textiles Collection,textile
Textile,Textile,Unknown,ca. 1850,"https://framemark.vam.ac.uk/collections/2021MY7822/full/!100,100/0/default.jpg",https://collections.vam.ac.uk/item/O147901/,V&A Textiles Collection,textile
Textile,Textile,Dabee Pershad,ca. 1867,"https://framemark.vam.ac.uk/collections/2020MR1679/full/!100,100/0/default.jpg",https://collections.vam.ac.uk/item/O478727/,V&A Textiles Collection,textile
The Stein Collection,Textile,Unknown,7th century to 10th century,"https://framemark.vam.ac.uk/collections/2006AG0450/full/!100,100/0/default.jpg",https://collections.vam.ac.uk/item/O85273/,V&A Textiles Collection,textile
The Stein Collection,Textile,Unknown,9th century to 10th century,"https://framemark.vam.ac.uk/collections/2006AF7367/full/!100,100/0/default.jpg",https://collections.vam.ac.uk/item/O89667/,V&A Textiles Collection,textile
Textile,Textile,Unknown,before 1988,"https://framemark.vam.ac.uk/collections/2006AT8365/full/!100,100/0/default.jpg",https://collections.vam.ac.uk/item/O438557/,V&A Textiles Collection,textile
The Stein Collection,Textile,Unknown,7th century to 9th century,"https://framemark.vam.ac.uk/collections/2006AG0417/full/!100,100/0/default.jpg",https://collections.vam.ac.uk/item/O85543/,V&A Textiles Collection,textile
Textile,Textile,Unknown,ca. 1855,"https://framemark.vam.ac.uk/collections/2020MU1841/full/!100,100/0/default.jpg",https://collections.vam.ac.uk/item/O440610/,V&A Textiles Collection,textile
Textile,Textile,Unknown,1960s,"https://framemark.vam.ac.uk/collections/2020MP8093/full/!100,100/0/default.jpg",https://collections.vam.ac.uk/item/O478345/,V&A Textiles Collection,textile
The Stein Collection,Textile,Unknown,200-400,,https://collections.vam.ac.uk/item/O93004/,V&A Textiles Collection,textile
Wallpaper,Wallpaper,Scott Morton (Tynecastle) Co. Ltd,last quarter of 19th century,"https://framemark.vam.ac.uk/collections/2008BT6781/full/!100,100/0/default.jpg",https://collections.vam.ac.uk/item/O183430/,V&A Textiles Collection,textile
The Stein Collection,Textile,Unknown,7th century to 10th century,"https://framemark.vam.ac.uk/collections/2006AF9238/full/!100,100/0/default.jpg",https://collections.vam.ac.uk/item/O85712/,V&A Textiles Collection,textile
The Stein Collection,Textile,Unknown,7th century to early 8th century,"https://framemark.vam.ac.uk/collections/2006AF9202/full/!100,100/0/default.jpg",https://collections.vam.ac.uk/item/O85720/,V&A Textiles Collection,textile
Textile,Textile,Unknown,ca. 1855,"https://framemark.vam.ac.uk/collections/2013GV7046/full/!100,100/0/default.jpg",https://collections.vam.ac.uk/item/O476609/,V&A Textiles Collection,textile
The Stein Collection,Textile,Unknown,200-400,"https://framemark.vam.ac.uk/collections/2006AF1495/full/!100,100/0/default.jpg",https://collections.vam.ac.uk/item/O93635/,V&A Textiles Collection,textile
The Stein Collection,Textile,Unknown,Late 8th century to late 9th century,"https://framemark.vam.ac.uk/collections/2006AF7081/full/!100,100/0/default.jpg",https://collections.vam.ac.uk/item/O89657/,V&A Textiles Collection,textile
The Stein Collection,Textile,Unknown,9th century - 10th century,"https://framemark.vam.ac.uk/collections/2006BJ1706/full/!100,100/0/default.jpg",https://collections.vam.ac.uk/item/O124401/,V&A Textiles Collection,textile
Textile,Textile,Unknown,ca. 1855,"https://framemark.vam.ac.uk/collections/2014GY2307/full/!100,100/0/default.jpg",https://collections.vam.ac.uk/item/O477166/,V&A Textiles Collection,textile
Garden Party,Textile design,Jacqueline Groag,1968,"https://framemark.vam.ac.uk/collections/2016JL3318/full/!100,100/0/default.jpg",https://collections.vam.ac.uk/item/O552854/,V&A Textiles Collection,textile
Textile,Textile,Unknown,1850-1880,"https://framemark.vam.ac.uk/collections/2013GV4337/full/!100,100/0/default.jpg",https://collections.vam.ac.uk/item/O1276780/,V&A Textiles Collection,textile
Textile,Textile,Unknown,ca. 1867,"https://framemark.vam.ac.uk/collections/2013GV6734/full/!100,100/0/default.jpg",https://collections.vam.ac.uk/item/O476608/,V&A Textiles Collection,textile
Textile,Textile,Unknown,ca. 1855-1879,"https://framemark.vam.ac.uk/collections/2014GW8484/full/!100,100/0/default.jpg",https://collections.vam.ac.uk/item/O476502/,V&A Textiles Collection,textile
Textile,Textile,Unknown,ca. 1855-1879,"https://framemark.vam.ac.uk/collections/2014GY4756/full/!100,100/0/default.jpg",https://collections.vam.ac.uk/item/O475460/,V&A Textiles Collection,textile
Textile,Textile,Unknown,ca. 1873,"https://framemark.vam.ac.uk/collections/2021NA6774/full/!100,100/0/default.jpg",https://collections.vam.ac.uk/item/O1248346/,V&A Textiles Collection,textile
Textile,Textile,Unknown,ca. 1873,"https://framemark.vam.ac.uk/collections/2021NA6773/full/!100,100/0/default.jpg",https://collections.vam.ac.uk/item/O1248345/,V&A Textiles Collection,textile
Textile,Textile,Unknown,ca. 1850,"https://framemark.vam.ac.uk/collections/2014GY9130/full/!100,100/0/default.jpg",https://collections.vam.ac.uk/item/O164414/,V&A Textiles Collection,textile
Textile,Textile,Unknown,19th century,"https://framemark.vam.ac.uk/collections/2020MU1742/full/!100,100/0/default.jpg",https://collections.vam.ac.uk/item/O453918/,V&A Textiles Collection,textile
Textile,Textile,Unknown,1960s,"https://framemark.vam.ac.uk/collections/2020MP8071/full/!100,100/0/default.jpg",https://collections.vam.ac.uk/item/O478346/,V&A Textiles Collection,textile
Textile,Textile,Unknown,,"https://framemark.vam.ac.uk/collections/2021MW7369/full/!100,100/0/default.jpg",https://collections.vam.ac.uk/item/O1598598/,V&A Textiles Collection,textile
Textile,Textile,,,"https://framemark.vam.ac.uk/collections/2021NA9587/full/!100,100/0/default.jpg",https://collections.vam.ac.uk/item/O1078903/,V&A Textiles Collection,textile
The Stein Collection,Textile,Unknown,9th century to 10th century,"https://framemark.vam.ac.uk/collections/2006AF7046/full/!100,100/0/default.jpg",https://collections.vam.ac.uk/item/O89568/,V&A Textiles Collection,textile
Textile,Textile,Unknown,ca. 1855,"https://framemark.vam.ac.uk/collections/2014GX7706/full/!100,100/0/default.jpg",https://collections.vam.ac.uk/item/O478313/,V&A Textiles Collection,textile
Textile,Textile,Unknown,ca. 1855,"https://framemark.vam.ac.uk/collections/2014GW1924/full/!100,100/0/default.jpg",https://collections.vam.ac.uk/item/O476593/,V&A Textiles Collection,textile
Grand Palais,Textile,Peter Hall,1986,"https://framemark.vam.ac.uk/collections/2018LG3795/full/!100,100/0/default.jpg",https://collections.vam.ac.uk/item/O1155399/,V&A Textiles Collection,textile
The Stein Collection,Textile,Unknown,100-300,"https://framemark.vam.ac.uk/collections/2006AF7085/full/!100,100/0/default.jpg",https://collections.vam.ac.uk/item/O89201/,V&A Textiles Collection,textile
Textile,Textile,Unknown,ca. 1867,"https://framemark.vam.ac.uk/collections/2018LD8257/full/!100,100/0/default.jpg",https://collections.vam.ac.uk/item/O476381/,V&A Textiles Collection,textile
Textile,Textile,Unknown,ca. 1855-1879,"https://framemark.vam.ac.uk/collections/2014GW5462/full/!100,100/0/default.jpg",https://collections.vam.ac.uk/item/O476417/,V&A Textiles Collection,textile
Textile,Textile,Unknown,ca. 1855-1879,"https://framemark.vam.ac.uk/collections/2014GW5461/full/!100,100/0/default.jpg",https://collections.vam.ac.uk/item/O476414/,V&A Textiles Collection,textile
The Stein Collection,Textile,Unknown,Late 8th century to 9th century,"https://framemark.vam.ac.uk/collections/2006AG0451/full/!100,100/0/default.jpg",https://collections.vam.ac.uk/item/O85438/,V&A Textiles Collection,textile
Textile,Textile,Unknown,ca. 1855,"https://framemark.vam.ac.uk/collections/2014GX7699/full/!100,100/0/default.jpg",https://collections.vam.ac.uk/item/O478312/,V&A Textiles Collection,textile
The Stein Collection,Textile,Unknown,7th century to 10th century,"https://framemark.vam.ac.uk/collections/2006AF9137/full/!100,100/0/default.jpg",https://collections.vam.ac.uk/item/O85644/,V&A Textiles Collection,textile
Textile,Textile,Unknown,ca. 1855-1879,"https://framemark.vam.ac.uk/collections/2014GW1930/full/!100,100/0/default.jpg",https://collections.vam.ac.uk/item/O476585/,V&A Textiles Collection,textile
Textile,Textile,Unknown,ca. 1855-1879,"https://framemark.vam.ac.uk/collections/2014GW1974/full/!100,100/0/default.jpg",https://collections.vam.ac.uk/item/O470736/,V&A Textiles Collection,textile
